	0	1	2	3	4	5	6	7	8	9	10	11	12	13	14	15	16	17	18	19	20	21	22	23	24	25	26	27	28	29	30	31	32	33	34	35	36	37	38	39	40	41	42	43	44	45	46	47	48	49	50	51	52	53	54	55	56	57	58	59	60	61	62	63	64	65	66	67	68	69	70	71	72	73	74	75	76	77	78	79	80	81	82	83	84	85	86	87	88	89	90	91	92	93	94	95	96	97	98	99	100	101	102	103	104	105	106	107	108	109	110	111	112	113	114	115	116	117	118	119	120	121	122	123	124	125	126	127	128	129	130	131	132	133	134	135	136	137	138	139	140	141	142	143	144	145	146	147	148	149	150	151	152	153	154	155	156	157	158	159	160	161	162	163	164	165	166	167	168	169	170	171	172	173	174	175	176	177	178	179	180	181	182	183	184	185	186	187	188	189	190	191	192	193	194	195	196	197	198	199	200	201	202	203	204	205	206	207	208	209	210	211	212	213	214	215	216	217	218	219	220	221	222	223	224	225	226	227	228	229	230	231	232	233	234	235	236	237	238	239	240	241	242	243	244	245	246	247	248	249	250	251	252	253	254	255	256	257	258	259	260	261	262	263	264	265	266	267	268	269	270	271	272	273	274	275	276	277	278	279	280	281	282	283	284	285	286	287	288	289	290	291	292	293	294	295	296	297	298	299	300	301	302	303	304	305	306	307	308	309	310	311	312	313	314	315	316	317	318	319	320	321	322	323	324	325	326	327	328	329	330	331	332	333	334	335	336	337	338	339	340	341	342	343	344	345	346	347	348	349	350	351	352	353	354	355	356	357	358	359	360	361	362	363	364	365	366	367	368	369	370	371	372	373	374	375	376	377	378	379	380	381	382	383	384	385	386	387	388	389	390	391	392	393	394	395	396	397	398	399	400	401	402	403	404	405	406	407	408	409	410	411	412	413	414	415	416	417	418	419	420	421	422	423	424	425	426	427	428	429	430	431	432	433	434	435	436	437	438	439	440	441	442	443	444	445	446	447	448	449	450	451	452	453	454	455	456	457	458	459	460	461	462	463	464	465	466	467	468	469	470	471	472	473	474	475	476	477	478	479	480	481	482	483	484	485	486	487	488	489	490	491	492	493	494	495	496	497	498	499	500	501	502	503	504	505	506	507	508	509	510	511	512	513	514	515	516	517	518	519	520	521	522	523	524	525	526	527	528	529	530	531	532	533	534	535	536	537	538	539	540	541	542	543	544	545	546	547	548	549	550	551	552	553	554	555	556	557	558	559	560	561	562	563	564	565	566	567	568	569	570	571	572	573	574	575	576	577	578	579	580	581	582	583	584	585	586	587	588	589	590	591	592	593	594	595	596	597	598	599	600	601	602	603	604	605	606	607	608	609	610	611	612	613	614	615	616	
auipc x2 0x12	IF	ID	EX	MEM	WB																																																																																																																																																																																																																																																																																																																																																																																																																																																																																																																																																																																																																																					
addi x2 x2 -528		IF	ID	EX	MEM	WB																																																																																																																																																																																																																																																																																																																																																																																																																																																																																																																																																																																																																																				
lui x10 0x16			IF	ID	EX	MEM	WB																																																																																																																																																																																																																																																																																																																																																																																																																																																																																																																																																																																																																																			
addi x10 x10 -1101				IF	ID	EX	MEM	WB																																																																																																																																																																																																																																																																																																																																																																																																																																																																																																																																																																																																																																		
auipc x1 0x0					IF	ID	EX	MEM	WB																																																																																																																																																																																																																																																																																																																																																																																																																																																																																																																																																																																																																																	
jalr x1 x1 68						IF	ID	EX	MEM	WB																																																																																																																																																																																																																																																																																																																																																																																																																																																																																																																																																																																																																																
addi x5 x0 3							IF	ID																																																																																																																																																																																																																																																																																																																																																																																																																																																																																																																																																																																																														IF	ID	EX	MEM	WB																
bne x10 x5 44								IF																																																																																																																																																																																																																																																																																																																																																																																																																																																																																																																																																																																																															IF	ID	EX	MEM	WB															
auipc x6 0x12																																																																																																																																																																																																																																																																																																																																																																																																																																																																																																																																																																																																																								IF	ID	EX	MEM	WB														
addi x6 x6 -596																																																																																																																																																																																																																																																																																																																																																																																																																																																																																																																																																																																																																									IF	ID	EX	MEM	WB													
sw x10 0 x6																																																																																																																																																																																																																																																																																																																																																																																																																																																																																																																																																																																																																										IF	ID	EX	MEM	WB												
lw x7 0 x6																																																																																																																																																																																																																																																																																																																																																																																																																																																																																																																																																																																																																											IF	ID	EX	MEM	WB											
add x28 x7 x7																																																																																																																																																																																																																																																																																																																																																																																																																																																																																																																																																																																																																												IF	ID	-	EX	MEM	WB									
addi x29 x0 6																																																																																																																																																																																																																																																																																																																																																																																																																																																																																																																																																																																																																													IF	-	ID	EX	MEM	WB								
bne x28 x29 16																																																																																																																																																																																																																																																																																																																																																																																																																																																																																																																																																																																																																															IF	ID	EX	MEM	WB							
addi x10 x0 0																																																																																																																																																																																																																																																																																																																																																																																																																																																																																																																																																																																																																																IF	ID	EX	MEM	WB						
addi x17 x0 93																																																																																																																																																																																																																																																																																																																																																																																																																																																																																																																																																																																																																																	IF	ID	EX	MEM	WB					
ecall																																																																																																																																																																																																																																																																																																																																																																																																																																																																																																																																																																																																																																		IF	ID	EX	-	-	MEM	WB		
addi x10 x0 1																																																																																																																																																																																																																																																																																																																																																																																																																																																																																																																																																																																																																																			IF	ID	-					
addi x17 x0 93																																																																																																																																																																																																																																																																																																																																																																																																																																																																																																																																																																																																																																				IF	-					
ecall																																																																																																																																																																																																																																																																																																																																																																																																																																																																																																																																																																																																																																										
addi x2 x2 -32									IF	ID	EX	MEM	WB																																																																																																																																																																																																																																																																																																																																																																																																																																																																																																																																																																																																																													
sw x1 28 x2										IF	ID	EX	MEM	WB																																																																																																																																																																																																																																																																																																																																																																																																																																																																																																																																																																																																																												
sw x8 24 x2											IF	ID	EX	MEM	WB																																																																																																																																																																																																																																																																																																																																																																																																																																																																																																																																																																																																																											
sw x9 20 x2												IF	ID	EX	MEM	WB																																																																																																																																																																																																																																																																																																																																																																																																																																																																																																																																																																																																																										
sw x18 16 x2													IF	ID	EX	MEM	WB																																																																																																																																																																																																																																																																																																																																																																																																																																																																																																																																																																																																																									
sw x19 12 x2														IF	ID	EX	MEM	WB																																																																																																																																																																																																																																																																																																																																																																																																																																																																																																																																																																																																																								
srli x5 x10 13															IF	ID	EX	MEM	WB																																																																																																																																																																																																																																																																																																																																																																																																																																																																																																																																																																																																																							
slli x6 x10 7																IF	ID	EX	MEM	WB																																																																																																																																																																																																																																																																																																																																																																																																																																																																																																																																																																																																																						
xor x5 x5 x10																	IF	ID	EX	MEM	WB																																																																																																																																																																																																																																																																																																																																																																																																																																																																																																																																																																																																																					
xor x5 x5 x6																		IF	ID	EX	MEM	WB																																																																																																																																																																																																																																																																																																																																																																																																																																																																																																																																																																																																																				
lui x6 0x4																			IF	ID	EX	MEM	WB																																																																																																																																																																																																																																																																																																																																																																																																																																																																																																																																																																																																																			
addi x6 x6 -1																				IF	ID	EX	MEM	WB																																																																																																																																																																																																																																																																																																																																																																																																																																																																																																																																																																																																																		
and x5 x5 x6																					IF	ID	EX	MEM	WB																																																																																																																																																																																																																																																																																																																																																																																																																																																																																																																																																																																																																	
auipc x6 0xe																						IF	ID	EX	MEM	WB																																																																																																																																																																																																																																																																																																																																																																																																																																																																																																																																																																																																																
addi x6 x6 -700																							IF	ID	EX	MEM	WB																																																																																																																																																																																																																																																																																																																																																																																																																																																																																																																																																																																																															
add x5 x5 x6																								IF	ID	EX	MEM	WB																																																																																																																																																																																																																																																																																																																																																																																																																																																																																																																																																																																																														
lbu x5 0 x5																									IF	ID	EX	MEM	WB																																																																																																																																																																																																																																																																																																																																																																																																																																																																																																																																																																																																													
srli x6 x10 7																										IF	ID	EX	MEM	WB																																																																																																																																																																																																																																																																																																																																																																																																																																																																																																																																																																																																												
slli x7 x10 9																											IF	ID	EX	MEM	WB																																																																																																																																																																																																																																																																																																																																																																																																																																																																																																																																																																																																											
xor x6 x6 x10																												IF	ID	EX	MEM	WB																																																																																																																																																																																																																																																																																																																																																																																																																																																																																																																																																																																																										
xor x6 x6 x7																													IF	ID	EX	MEM	WB																																																																																																																																																																																																																																																																																																																																																																																																																																																																																																																																																																																																									
srli x7 x6 5																														IF	ID	EX	MEM	WB																																																																																																																																																																																																																																																																																																																																																																																																																																																																																																																																																																																																								
xor x6 x6 x7																															IF	ID	EX	MEM	WB																																																																																																																																																																																																																																																																																																																																																																																																																																																																																																																																																																																																							
srli x6 x6 2																																IF	ID	EX	MEM	WB																																																																																																																																																																																																																																																																																																																																																																																																																																																																																																																																																																																																						
add x5 x5 x6																																	IF	ID	EX	MEM	WB																																																																																																																																																																																																																																																																																																																																																																																																																																																																																																																																																																																																					
lui x6 0x20																																		IF	ID	EX	MEM	WB																																																																																																																																																																																																																																																																																																																																																																																																																																																																																																																																																																																																				
addi x6 x6 -1																																			IF	ID	EX	MEM	WB																																																																																																																																																																																																																																																																																																																																																																																																																																																																																																																																																																																																			
and x5 x5 x6																																				IF	ID	EX	MEM	WB																																																																																																																																																																																																																																																																																																																																																																																																																																																																																																																																																																																																		
andi x19 x5 31																																					IF	ID	EX	MEM	WB																																																																																																																																																																																																																																																																																																																																																																																																																																																																																																																																																																																																	
srli x6 x5 9																																						IF	ID	EX	MEM	WB																																																																																																																																																																																																																																																																																																																																																																																																																																																																																																																																																																																																
slli x7 x6 2																																							IF	ID	EX	MEM	WB																																																																																																																																																																																																																																																																																																																																																																																																																																																																																																																																																																																															
auipc x28 0xa																																								IF	ID	EX	MEM	WB																																																																																																																																																																																																																																																																																																																																																																																																																																																																																																																																																																																														
addi x28 x28 -1796																																									IF	ID	EX	MEM	WB																																																																																																																																																																																																																																																																																																																																																																																																																																																																																																																																																																																													
add x7 x7 x28																																										IF	ID	EX	MEM	WB																																																																																																																																																																																																																																																																																																																																																																																																																																																																																																																																																																																												
lw x18 0 x7																																											IF	ID	EX	MEM	WB																																																																																																																																																																																																																																																																																																																																																																																																																																																																																																																																																																																											
auipc x28 0xa																																												IF	ID	EX	MEM	WB																																																																																																																																																																																																																																																																																																																																																																																																																																																																																																																																																																																										
addi x28 x28 -788																																													IF	ID	EX	MEM	WB																																																																																																																																																																																																																																																																																																																																																																																																																																																																																																																																																																																									
slli x6 x6 6																																														IF	ID	EX	MEM	WB																																																																																																																																																																																																																																																																																																																																																																																																																																																																																																																																																																																								
add x9 x28 x6																																															IF	ID	EX	MEM	WB																																																																																																																																																																																																																																																																																																																																																																																																																																																																																																																																																																																							
srli x5 x5 5																																																IF	ID	EX	MEM	WB																																																																																																																																																																																																																																																																																																																																																																																																																																																																																																																																																																																						
slli x5 x5 2																																																	IF	ID	EX	MEM	WB																																																																																																																																																																																																																																																																																																																																																																																																																																																																																																																																																																																					
add x8 x28 x5																																																		IF	ID	EX	MEM	WB																																																																																																																																																																																																																																																																																																																																																																																																																																																																																																																																																																																				
bgeu x9 x8 28																																																			IF	ID	EX	MEM	WB																															IF	ID	EX	MEM	WB																															IF	ID	EX	MEM	WB																															IF	ID	EX	MEM	WB																															IF	ID	EX	MEM	WB																															IF	ID	EX	MEM	WB																															IF	ID	EX	MEM	WB																															IF	ID	EX	MEM	WB																															IF	ID	EX	MEM	WB																															IF	ID	EX	MEM	WB																															IF	ID	EX	MEM	WB																															IF	ID	EX	MEM	WB																															IF	ID	EX	MEM	WB																															IF	ID	EX	MEM	WB																															IF	ID	EX	MEM	WB																																																																									
lw x10 0 x9																																																				IF	ID	EX	MEM	WB																															IF	ID	EX	MEM	WB																															IF	ID	EX	MEM	WB																															IF	ID	EX	MEM	WB																															IF	ID	EX	MEM	WB																															IF	ID	EX	MEM	WB																															IF	ID	EX	MEM	WB																															IF	ID	EX	MEM	WB																															IF	ID	EX	MEM	WB																															IF	ID	EX	MEM	WB																															IF	ID	EX	MEM	WB																															IF	ID	EX	MEM	WB																															IF	ID	EX	MEM	WB																															IF	ID	EX	MEM	WB																															IF	ID																																																																											
auipc x1 0x0																																																					IF	ID	EX	MEM	WB																															IF	ID	EX	MEM	WB																															IF	ID	EX	MEM	WB																															IF	ID	EX	MEM	WB																															IF	ID	EX	MEM	WB																															IF	ID	EX	MEM	WB																															IF	ID	EX	MEM	WB																															IF	ID	EX	MEM	WB																															IF	ID	EX	MEM	WB																															IF	ID	EX	MEM	WB																															IF	ID	EX	MEM	WB																															IF	ID	EX	MEM	WB																															IF	ID	EX	MEM	WB																															IF	ID	EX	MEM	WB																															IF																																																																											
jalr x1 x1 120																																																						IF	ID	EX	MEM	WB																															IF	ID	EX	MEM	WB																															IF	ID	EX	MEM	WB																															IF	ID	EX	MEM	WB																															IF	ID	EX	MEM	WB																															IF	ID	EX	MEM	WB																															IF	ID	EX	MEM	WB																															IF	ID	EX	MEM	WB																															IF	ID	EX	MEM	WB																															IF	ID	EX	MEM	WB																															IF	ID	EX	MEM	WB																															IF	ID	EX	MEM	WB																															IF	ID	EX	MEM	WB																															IF	ID	EX	MEM	WB																																																																																																									
add x18 x18 x10																																																							IF	ID																									IF	ID	EX	MEM	WB					IF	ID																									IF	ID	EX	MEM	WB					IF	ID																									IF	ID	EX	MEM	WB					IF	ID																									IF	ID	EX	MEM	WB					IF	ID																									IF	ID	EX	MEM	WB					IF	ID																									IF	ID	EX	MEM	WB					IF	ID																									IF	ID	EX	MEM	WB					IF	ID																									IF	ID	EX	MEM	WB					IF	ID																									IF	ID	EX	MEM	WB					IF	ID																									IF	ID	EX	MEM	WB					IF	ID																									IF	ID	EX	MEM	WB					IF	ID																									IF	ID	EX	MEM	WB					IF	ID																									IF	ID	EX	MEM	WB					IF	ID																									IF	ID	EX	MEM	WB																																																																														
addi x9 x9 4																																																								IF																										IF	ID	EX	MEM	WB					IF																										IF	ID	EX	MEM	WB					IF																										IF	ID	EX	MEM	WB					IF																										IF	ID	EX	MEM	WB					IF																										IF	ID	EX	MEM	WB					IF																										IF	ID	EX	MEM	WB					IF																										IF	ID	EX	MEM	WB					IF																										IF	ID	EX	MEM	WB					IF																										IF	ID	EX	MEM	WB					IF																										IF	ID	EX	MEM	WB					IF																										IF	ID	EX	MEM	WB					IF																										IF	ID	EX	MEM	WB					IF																										IF	ID	EX	MEM	WB					IF																										IF	ID	EX	MEM	WB																																																																													
jal x0 -24																																																																																			IF	ID	EX	MEM	WB																															IF	ID	EX	MEM	WB																															IF	ID	EX	MEM	WB																															IF	ID	EX	MEM	WB																															IF	ID	EX	MEM	WB																															IF	ID	EX	MEM	WB																															IF	ID	EX	MEM	WB																															IF	ID	EX	MEM	WB																															IF	ID	EX	MEM	WB																															IF	ID	EX	MEM	WB																															IF	ID	EX	MEM	WB																															IF	ID	EX	MEM	WB																															IF	ID	EX	MEM	WB																															IF	ID	EX	MEM	WB																																																																												
beq x19 x0 36																																																																																				IF	ID																																		IF	ID																																		IF	ID																																		IF	ID																																		IF	ID																																		IF	ID																																		IF	ID																																		IF	ID																																		IF	ID																																		IF	ID																																		IF	ID																																		IF	ID																																		IF	ID																																		IF	ID				IF	ID	EX	MEM	WB																																																																						
addi x5 x0 1																																																																																					IF																																			IF																																			IF																																			IF																																			IF																																			IF																																			IF																																			IF																																			IF																																			IF																																			IF																																			IF																																			IF																																			IF					IF	ID	EX	MEM	WB																																																																					
sll x5 x5 x19																																																																																																																																																																																																																																																																																																																																																																																																																																																																																																																																																																		IF	ID	EX	MEM	WB																																																																				
addi x5 x5 -1																																																																																																																																																																																																																																																																																																																																																																																																																																																																																																																																																																			IF	ID	EX	MEM	WB																																																																			
lw x10 0 x8																																																																																																																																																																																																																																																																																																																																																																																																																																																																																																																																																																				IF	ID	EX	MEM	WB																																																																		
and x10 x10 x5																																																																																																																																																																																																																																																																																																																																																																																																																																																																																																																																																																					IF	ID	-	EX	MEM	WB																																																																
auipc x1 0x0																																																																																																																																																																																																																																																																																																																																																																																																																																																																																																																																																																						IF	-	ID	EX	MEM	WB																																																															
jalr x1 x1 76																																																																																																																																																																																																																																																																																																																																																																																																																																																																																																																																																																								IF	ID	EX	MEM	WB																																																														
add x18 x18 x10																																																																																																																																																																																																																																																																																																																																																																																																																																																																																																																																																																									IF	ID																									IF	ID	EX	MEM	WB																																			
srli x5 x18 1																																																																																																																																																																																																																																																																																																																																																																																																																																																																																																																																																																										IF																										IF	ID	EX	MEM	WB																																		
auipc x6 0x0																																																																																																																																																																																																																																																																																																																																																																																																																																																																																																																																																																																																					IF	ID	EX	MEM	WB																																	
addi x6 x6 148																																																																																																																																																																																																																																																																																																																																																																																																																																																																																																																																																																																																						IF	ID	EX	MEM	WB																																
add x5 x5 x6																																																																																																																																																																																																																																																																																																																																																																																																																																																																																																																																																																																																							IF	ID	EX	MEM	WB																															
lbu x10 0 x5																																																																																																																																																																																																																																																																																																																																																																																																																																																																																																																																																																																																								IF	ID	EX	MEM	WB																														
andi x5 x18 1																																																																																																																																																																																																																																																																																																																																																																																																																																																																																																																																																																																																									IF	ID	EX	MEM	WB																													
beq x5 x0 8																																																																																																																																																																																																																																																																																																																																																																																																																																																																																																																																																																																																										IF	ID	EX	MEM	WB																												
srli x10 x10 4																																																																																																																																																																																																																																																																																																																																																																																																																																																																																																																																																																																																											IF	ID	EX	MEM	WB																											
andi x10 x10 15																																																																																																																																																																																																																																																																																																																																																																																																																																																																																																																																																																																																												IF	ID	EX	MEM	WB																										
lw x19 12 x2																																																																																																																																																																																																																																																																																																																																																																																																																																																																																																																																																																																																													IF	ID	EX	MEM	WB																									
lw x18 16 x2																																																																																																																																																																																																																																																																																																																																																																																																																																																																																																																																																																																																														IF	ID	EX	MEM	WB																								
lw x9 20 x2																																																																																																																																																																																																																																																																																																																																																																																																																																																																																																																																																																																																															IF	ID	EX	MEM	WB																							
lw x8 24 x2																																																																																																																																																																																																																																																																																																																																																																																																																																																																																																																																																																																																																IF	ID	EX	MEM	WB																						
lw x1 28 x2																																																																																																																																																																																																																																																																																																																																																																																																																																																																																																																																																																																																																	IF	ID	EX	MEM	WB																					
addi x2 x2 32																																																																																																																																																																																																																																																																																																																																																																																																																																																																																																																																																																																																																		IF	ID	EX	MEM	WB																				
jalr x0 x1 0																																																																																																																																																																																																																																																																																																																																																																																																																																																																																																																																																																																																																			IF	ID	EX	MEM	WB																			
srli x5 x10 1																																																									IF	ID	EX	MEM	WB																															IF	ID	EX	MEM	WB																															IF	ID	EX	MEM	WB																															IF	ID	EX	MEM	WB																															IF	ID	EX	MEM	WB																															IF	ID	EX	MEM	WB																															IF	ID	EX	MEM	WB																															IF	ID	EX	MEM	WB																															IF	ID	EX	MEM	WB																															IF	ID	EX	MEM	WB																															IF	ID	EX	MEM	WB																															IF	ID	EX	MEM	WB																															IF	ID	EX	MEM	WB																															IF	ID	EX	MEM	WB																																							IF	ID	EX	MEM	WB																																					IF	ID																					
lui x6 0x55555																																																										IF	ID	EX	MEM	WB																															IF	ID	EX	MEM	WB																															IF	ID	EX	MEM	WB																															IF	ID	EX	MEM	WB																															IF	ID	EX	MEM	WB																															IF	ID	EX	MEM	WB																															IF	ID	EX	MEM	WB																															IF	ID	EX	MEM	WB																															IF	ID	EX	MEM	WB																															IF	ID	EX	MEM	WB																															IF	ID	EX	MEM	WB																															IF	ID	EX	MEM	WB																															IF	ID	EX	MEM	WB																															IF	ID	EX	MEM	WB																																							IF	ID	EX	MEM	WB																																					IF																					
addi x6 x6 1365																																																											IF	ID	EX	MEM	WB																															IF	ID	EX	MEM	WB																															IF	ID	EX	MEM	WB																															IF	ID	EX	MEM	WB																															IF	ID	EX	MEM	WB																															IF	ID	EX	MEM	WB																															IF	ID	EX	MEM	WB																															IF	ID	EX	MEM	WB																															IF	ID	EX	MEM	WB																															IF	ID	EX	MEM	WB																															IF	ID	EX	MEM	WB																															IF	ID	EX	MEM	WB																															IF	ID	EX	MEM	WB																															IF	ID	EX	MEM	WB																																							IF	ID	EX	MEM	WB																																																									
and x5 x5 x6																																																												IF	ID	EX	MEM	WB																															IF	ID	EX	MEM	WB																															IF	ID	EX	MEM	WB																															IF	ID	EX	MEM	WB																															IF	ID	EX	MEM	WB																															IF	ID	EX	MEM	WB																															IF	ID	EX	MEM	WB																															IF	ID	EX	MEM	WB																															IF	ID	EX	MEM	WB																															IF	ID	EX	MEM	WB																															IF	ID	EX	MEM	WB																															IF	ID	EX	MEM	WB																															IF	ID	EX	MEM	WB																															IF	ID	EX	MEM	WB																																							IF	ID	EX	MEM	WB																																																								
sub x10 x10 x5																																																													IF	ID	EX	MEM	WB																															IF	ID	EX	MEM	WB																															IF	ID	EX	MEM	WB																															IF	ID	EX	MEM	WB																															IF	ID	EX	MEM	WB																															IF	ID	EX	MEM	WB																															IF	ID	EX	MEM	WB																															IF	ID	EX	MEM	WB																															IF	ID	EX	MEM	WB																															IF	ID	EX	MEM	WB																															IF	ID	EX	MEM	WB																															IF	ID	EX	MEM	WB																															IF	ID	EX	MEM	WB																															IF	ID	EX	MEM	WB																																							IF	ID	EX	MEM	WB																																																							
lui x6 0x33333																																																														IF	ID	EX	MEM	WB																															IF	ID	EX	MEM	WB																															IF	ID	EX	MEM	WB																															IF	ID	EX	MEM	WB																															IF	ID	EX	MEM	WB																															IF	ID	EX	MEM	WB																															IF	ID	EX	MEM	WB																															IF	ID	EX	MEM	WB																															IF	ID	EX	MEM	WB																															IF	ID	EX	MEM	WB																															IF	ID	EX	MEM	WB																															IF	ID	EX	MEM	WB																															IF	ID	EX	MEM	WB																															IF	ID	EX	MEM	WB																																							IF	ID	EX	MEM	WB																																																						
addi x6 x6 819																																																															IF	ID	EX	MEM	WB																															IF	ID	EX	MEM	WB																															IF	ID	EX	MEM	WB																															IF	ID	EX	MEM	WB																															IF	ID	EX	MEM	WB																															IF	ID	EX	MEM	WB																															IF	ID	EX	MEM	WB																															IF	ID	EX	MEM	WB																															IF	ID	EX	MEM	WB																															IF	ID	EX	MEM	WB																															IF	ID	EX	MEM	WB																															IF	ID	EX	MEM	WB																															IF	ID	EX	MEM	WB																															IF	ID	EX	MEM	WB																																							IF	ID	EX	MEM	WB																																																					
and x5 x10 x6																																																																IF	ID	EX	MEM	WB																															IF	ID	EX	MEM	WB																															IF	ID	EX	MEM	WB																															IF	ID	EX	MEM	WB																															IF	ID	EX	MEM	WB																															IF	ID	EX	MEM	WB																															IF	ID	EX	MEM	WB																															IF	ID	EX	MEM	WB																															IF	ID	EX	MEM	WB																															IF	ID	EX	MEM	WB																															IF	ID	EX	MEM	WB																															IF	ID	EX	MEM	WB																															IF	ID	EX	MEM	WB																															IF	ID	EX	MEM	WB																																							IF	ID	EX	MEM	WB																																																				
srli x10 x10 2																																																																	IF	ID	EX	MEM	WB																															IF	ID	EX	MEM	WB																															IF	ID	EX	MEM	WB																															IF	ID	EX	MEM	WB																															IF	ID	EX	MEM	WB																															IF	ID	EX	MEM	WB																															IF	ID	EX	MEM	WB																															IF	ID	EX	MEM	WB																															IF	ID	EX	MEM	WB																															IF	ID	EX	MEM	WB																															IF	ID	EX	MEM	WB																															IF	ID	EX	MEM	WB																															IF	ID	EX	MEM	WB																															IF	ID	EX	MEM	WB																																							IF	ID	EX	MEM	WB																																																			
and x10 x10 x6																																																																		IF	ID	EX	MEM	WB																															IF	ID	EX	MEM	WB																															IF	ID	EX	MEM	WB																															IF	ID	EX	MEM	WB																															IF	ID	EX	MEM	WB																															IF	ID	EX	MEM	WB																															IF	ID	EX	MEM	WB																															IF	ID	EX	MEM	WB																															IF	ID	EX	MEM	WB																															IF	ID	EX	MEM	WB																															IF	ID	EX	MEM	WB																															IF	ID	EX	MEM	WB																															IF	ID	EX	MEM	WB																															IF	ID	EX	MEM	WB																																							IF	ID	EX	MEM	WB																																																		
add x10 x10 x5																																																																			IF	ID	EX	MEM	WB																															IF	ID	EX	MEM	WB																															IF	ID	EX	MEM	WB																															IF	ID	EX	MEM	WB																															IF	ID	EX	MEM	WB																															IF	ID	EX	MEM	WB																															IF	ID	EX	MEM	WB																															IF	ID	EX	MEM	WB																															IF	ID	EX	MEM	WB																															IF	ID	EX	MEM	WB																															IF	ID	EX	MEM	WB																															IF	ID	EX	MEM	WB																															IF	ID	EX	MEM	WB																															IF	ID	EX	MEM	WB																																							IF	ID	EX	MEM	WB																																																	
srli x5 x10 4																																																																				IF	ID	EX	MEM	WB																															IF	ID	EX	MEM	WB																															IF	ID	EX	MEM	WB																															IF	ID	EX	MEM	WB																															IF	ID	EX	MEM	WB																															IF	ID	EX	MEM	WB																															IF	ID	EX	MEM	WB																															IF	ID	EX	MEM	WB																															IF	ID	EX	MEM	WB																															IF	ID	EX	MEM	WB																															IF	ID	EX	MEM	WB																															IF	ID	EX	MEM	WB																															IF	ID	EX	MEM	WB																															IF	ID	EX	MEM	WB																																							IF	ID	EX	MEM	WB																																																
add x10 x10 x5																																																																					IF	ID	EX	MEM	WB																															IF	ID	EX	MEM	WB																															IF	ID	EX	MEM	WB																															IF	ID	EX	MEM	WB																															IF	ID	EX	MEM	WB																															IF	ID	EX	MEM	WB																															IF	ID	EX	MEM	WB																															IF	ID	EX	MEM	WB																															IF	ID	EX	MEM	WB																															IF	ID	EX	MEM	WB																															IF	ID	EX	MEM	WB																															IF	ID	EX	MEM	WB																															IF	ID	EX	MEM	WB																															IF	ID	EX	MEM	WB																																							IF	ID	EX	MEM	WB																																															
lui x6 0xf0f1																																																																						IF	ID	EX	MEM	WB																															IF	ID	EX	MEM	WB																															IF	ID	EX	MEM	WB																															IF	ID	EX	MEM	WB																															IF	ID	EX	MEM	WB																															IF	ID	EX	MEM	WB																															IF	ID	EX	MEM	WB																															IF	ID	EX	MEM	WB																															IF	ID	EX	MEM	WB																															IF	ID	EX	MEM	WB																															IF	ID	EX	MEM	WB																															IF	ID	EX	MEM	WB																															IF	ID	EX	MEM	WB																															IF	ID	EX	MEM	WB																																							IF	ID	EX	MEM	WB																																														
addi x6 x6 -241																																																																							IF	ID	EX	MEM	WB																															IF	ID	EX	MEM	WB																															IF	ID	EX	MEM	WB																															IF	ID	EX	MEM	WB																															IF	ID	EX	MEM	WB																															IF	ID	EX	MEM	WB																															IF	ID	EX	MEM	WB																															IF	ID	EX	MEM	WB																															IF	ID	EX	MEM	WB																															IF	ID	EX	MEM	WB																															IF	ID	EX	MEM	WB																															IF	ID	EX	MEM	WB																															IF	ID	EX	MEM	WB																															IF	ID	EX	MEM	WB																																							IF	ID	EX	MEM	WB																																													
and x10 x10 x6																																																																								IF	ID	EX	MEM	WB																															IF	ID	EX	MEM	WB																															IF	ID	EX	MEM	WB																															IF	ID	EX	MEM	WB																															IF	ID	EX	MEM	WB																															IF	ID	EX	MEM	WB																															IF	ID	EX	MEM	WB																															IF	ID	EX	MEM	WB																															IF	ID	EX	MEM	WB																															IF	ID	EX	MEM	WB																															IF	ID	EX	MEM	WB																															IF	ID	EX	MEM	WB																															IF	ID	EX	MEM	WB																															IF	ID	EX	MEM	WB																																							IF	ID	EX	MEM	WB																																												
srli x5 x10 8																																																																									IF	ID	EX	MEM	WB																															IF	ID	EX	MEM	WB																															IF	ID	EX	MEM	WB																															IF	ID	EX	MEM	WB																															IF	ID	EX	MEM	WB																															IF	ID	EX	MEM	WB																															IF	ID	EX	MEM	WB																															IF	ID	EX	MEM	WB																															IF	ID	EX	MEM	WB																															IF	ID	EX	MEM	WB																															IF	ID	EX	MEM	WB																															IF	ID	EX	MEM	WB																															IF	ID	EX	MEM	WB																															IF	ID	EX	MEM	WB																																							IF	ID	EX	MEM	WB																																											
add x10 x10 x5																																																																										IF	ID	EX	MEM	WB																															IF	ID	EX	MEM	WB																															IF	ID	EX	MEM	WB																															IF	ID	EX	MEM	WB																															IF	ID	EX	MEM	WB																															IF	ID	EX	MEM	WB																															IF	ID	EX	MEM	WB																															IF	ID	EX	MEM	WB																															IF	ID	EX	MEM	WB																															IF	ID	EX	MEM	WB																															IF	ID	EX	MEM	WB																															IF	ID	EX	MEM	WB																															IF	ID	EX	MEM	WB																															IF	ID	EX	MEM	WB																																							IF	ID	EX	MEM	WB																																										
srli x5 x10 16																																																																											IF	ID	EX	MEM	WB																															IF	ID	EX	MEM	WB																															IF	ID	EX	MEM	WB																															IF	ID	EX	MEM	WB																															IF	ID	EX	MEM	WB																															IF	ID	EX	MEM	WB																															IF	ID	EX	MEM	WB																															IF	ID	EX	MEM	WB																															IF	ID	EX	MEM	WB																															IF	ID	EX	MEM	WB																															IF	ID	EX	MEM	WB																															IF	ID	EX	MEM	WB																															IF	ID	EX	MEM	WB																															IF	ID	EX	MEM	WB																																							IF	ID	EX	MEM	WB																																									
add x10 x10 x5																																																																												IF	ID	EX	MEM	WB																															IF	ID	EX	MEM	WB																															IF	ID	EX	MEM	WB																															IF	ID	EX	MEM	WB																															IF	ID	EX	MEM	WB																															IF	ID	EX	MEM	WB																															IF	ID	EX	MEM	WB																															IF	ID	EX	MEM	WB																															IF	ID	EX	MEM	WB																															IF	ID	EX	MEM	WB																															IF	ID	EX	MEM	WB																															IF	ID	EX	MEM	WB																															IF	ID	EX	MEM	WB																															IF	ID	EX	MEM	WB																																							IF	ID	EX	MEM	WB																																								
andi x10 x10 63																																																																													IF	ID	EX	MEM	WB																															IF	ID	EX	MEM	WB																															IF	ID	EX	MEM	WB																															IF	ID	EX	MEM	WB																															IF	ID	EX	MEM	WB																															IF	ID	EX	MEM	WB																															IF	ID	EX	MEM	WB																															IF	ID	EX	MEM	WB																															IF	ID	EX	MEM	WB																															IF	ID	EX	MEM	WB																															IF	ID	EX	MEM	WB																															IF	ID	EX	MEM	WB																															IF	ID	EX	MEM	WB																															IF	ID	EX	MEM	WB																																							IF	ID	EX	MEM	WB																																							
jalr x0 x1 0																																																																														IF	ID	EX	MEM	WB																															IF	ID	EX	MEM	WB																															IF	ID	EX	MEM	WB																															IF	ID	EX	MEM	WB																															IF	ID	EX	MEM	WB																															IF	ID	EX	MEM	WB																															IF	ID	EX	MEM	WB																															IF	ID	EX	MEM	WB																															IF	ID	EX	MEM	WB																															IF	ID	EX	MEM	WB																															IF	ID	EX	MEM	WB																															IF	ID	EX	MEM	WB																															IF	ID	EX	MEM	WB																															IF	ID	EX	MEM	WB																																							IF	ID	EX	MEM	WB																																						
