state,depth,retired,stack_bytes,ok,path
0,0,85,0,1,
700308,1,6533,336,1,2
896670,1,6555,336,1,3
1067724,1,6533,336,1,0
1212843,1,6568,336,1,8
1767096,1,9305,368,1,1
2122848,1,6555,336,1,5
2195535,1,6578,336,1,6
3019518,1,9365,368,1,4
3300183,1,9395,368,1,7
165186,2,12144,336,1,58
216252,2,12130,336,1,25
250494,2,12097,336,1,82
301710,2,12167,336,1,06
358455,2,12125,336,1,63
385464,2,12085,336,1,30
683589,2,14735,368,1,81
731640,2,12474,336,1,28
738930,2,12014,336,1,26
781227,2,14981,368,1,27
851988,2,14850,368,1,64
881395,2,12471,336,1,36
939681,2,15023,368,1,37
955024,2,11991,336,1,38
1126092,2,12238,336,1,85
1163952,2,12273,336,1,03
1349118,2,11990,336,1,05
1394364,2,14971,368,1,84
1417176,2,14722,368,1,31
1445346,2,14946,368,1,04
1481115,2,11965,336,1,83
1552041,2,14867,368,1,57
1582761,2,11745,336,1,16
1645800,2,12063,336,1,80
1755432,2,11729,336,1,15
1794798,2,15452,368,1,14
1806462,2,11880,336,1,13
1869885,2,15497,368,1,17
1929486,2,12071,336,1,32
2034741,2,12078,336,1,18
2121375,2,12240,336,1,60
2188604,2,12226,336,1,52
2313633,2,14886,368,1,61
2315450,2,11918,336,1,50
2380914,2,14873,368,1,51
2388189,2,11942,336,1,62
2425122,2,14795,368,1,24
2596437,2,14845,368,1,07
2689068,2,12116,336,1,65
2703242,2,11725,336,1,48
2862783,2,15567,368,1,47
2909178,2,12141,336,1,23
2980222,2,11819,336,1,42
2991816,2,15442,368,1,41
3031252,2,11668,336,1,40
3071387,2,12058,336,1,46
3204132,2,11820,336,1,70
3229470,2,11810,336,1,75
3364968,2,12370,336,1,08
3377457,2,15472,368,1,71
3473862,2,11699,336,1,72
3511296,2,12367,336,1,56
3526902,2,15562,368,1,74
3597615,2,11689,336,1,73
13107,3,17573,336,1,603
16409,3,17755,336,1,528
23328,3,20559,368,1,151
23398,3,20632,368,1,404
29149,3,17775,336,1,036
31371,3,17279,336,1,280
38667,3,17508,336,1,260
41587,3,17323,336,1,365
43740,3,24517,368,1,141
52488,3,19898,368,1,131
52558,3,19969,368,1,424
59778,3,17123,336,1,375
71807,3,17495,336,1,852
74392,3,17473,336,1,385
80988,3,17141,336,1,270
88209,3,24678,368,1,474
108408,3,17432,336,1,613
115328,3,17532,336,1,503
159741,3,17584,336,1,608
168186,3,17402,336,1,815
177409,3,17606,336,1,518
190503,3,17695,336,1,628
200577,3,20510,368,1,161
200652,3,20617,368,1,727
201297,3,17263,336,1,032
207489,3,17505,336,1,285
228906,3,17181,336,1,513
236181,3,17249,336,1,623
239565,3,17194,336,1,265
241292,3,17555,336,1,248
259992,3,17315,336,1,275
281576,3,17470,336,1,052
287394,3,17580,336,1,856
293787,3,24548,368,1,171
318127,3,17359,336,1,640
339997,3,17359,336,1,842
351524,3,17357,336,1,523
361117,3,17586,336,1,316
370159,3,17519,336,1,360
372523,3,17693,336,1,836
377800,3,17101,336,1,042
399485,3,17580,336,1,046
406550,3,17372,336,1,370
421889,3,17163,336,1,380
426744,3,17134,336,1,832
432297,3,20644,368,1,737
432407,3,20582,368,1,484
455727,3,19679,368,1,181
455802,3,19767,368,1,707
463001,3,17359,336,1,846
475777,3,17467,336,1,508
479079,3,17379,336,1,618
484596,3,17496,336,1,056
488169,3,17315,336,1,073
498404,3,17362,336,1,572
519048,3,19784,368,1,757
519158,3,19780,368,1,464
529842,3,17389,336,1,816
555402,3,17756,336,1,063
583796,3,17342,336,1,648
598385,3,17693,336,1,582
620859,3,17105,336,1,160
621576,3,19953,368,1,031
634376,3,20014,368,1,504
642036,3,20803,368,1,614
649352,3,17831,336,1,252
669951,3,17084,336,1,475
670467,3,20883,368,1,647
689337,3,17513,336,1,583
723602,3,16967,336,1,150
742836,3,20194,368,1,624
743580,3,20846,368,1,514
743992,3,17035,336,1,140
752754,3,17106,336,1,130
771798,3,20430,368,1,851
778290,3,17665,336,1,823
793620,3,19958,368,1,051
802932,3,17051,336,1,170
803145,3,20758,368,1,817
812919,3,17478,336,1,062
833070,3,17887,336,1,303
844328,3,20037,368,1,524
861465,3,20818,368,1,841
866162,3,17095,336,1,485
883548,3,17129,336,1,415
884016,3,20869,368,1,041
904674,3,20531,368,1,604
911320,3,17053,336,1,405
917823,3,17607,336,1,632
933190,3,17151,336,1,425
946029,3,20118,368,1,831
967776,3,17462,336,1,180
1007946,3,21069,368,1,074
1017684,3,20971,368,1,571
1021917,3,17539,336,1,818
1024355,3,17509,336,1,465
1043795,3,17519,336,1,646
1056026,3,17100,336,1,152
1064064,3,19955,368,1,281
1093224,3,19970,368,1,261
1094958,3,20695,368,1,314
1095370,3,17035,336,1,142
1107048,3,17273,336,1,132
1129689,3,20904,368,1,271
1129833,3,17381,336,1,716
1141614,3,17167,336,1,315
1163235,3,16996,336,1,162
1178606,3,17246,336,1,250
1219763,3,20383,368,1,527
1240938,3,17749,336,1,258
1247304,3,20060,368,1,627
1258983,3,20840,368,1,517
1275207,3,17888,336,1,828
1288611,3,21079,368,1,247
1297587,3,17045,336,1,726
1302599,3,17570,336,1,580
1333425,3,17858,336,1,060
1353899,3,20061,368,1,507
1361346,3,17066,336,1,172
1361559,3,20894,368,1,617
1368849,3,20969,368,1,641
1370520,3,17337,336,1,313
1374087,3,17755,336,1,756
1389354,3,17385,336,1,706
1403337,3,17483,336,1,630
1423279,3,17548,336,1,638
1436893,3,20259,368,1,361
1442275,3,17708,336,1,308
1455084,3,20860,368,1,371
1462189,3,17314,336,1,736
1469698,3,19937,368,1,381
1493721,3,17085,336,1,573
1509030,3,20880,368,1,574
1509602,3,17331,336,1,746
1523274,3,17315,336,1,182
1545465,3,20113,368,1,607
1567350,3,17252,336,1,575
1583481,3,17685,336,1,030
1611558,3,20255,368,1,251
1625814,3,17772,336,1,156
1629403,3,17488,336,1,136
1633512,3,20016,368,1,324
1642437,3,16775,336,1,173
1658585,3,17492,336,1,146
1702038,3,17522,336,1,325
1711692,3,21363,368,1,174
1718355,3,17127,336,1,163
1735452,3,20779,368,1,581
1747860,3,17817,336,1,803
1763475,3,17489,336,1,282
1792641,3,17185,336,1,262
1792944,3,17646,336,1,808
1825781,3,17451,336,1,850
1829130,3,17263,336,1,272
1845732,3,20469,368,1,061
1848846,3,17291,336,1,165
1860590,3,17352,336,1,050
1860960,3,17605,336,1,323
1876779,3,17758,336,1,806
1883007,3,21358,368,1,147
1897587,3,19815,368,1,137
1902244,3,17338,336,1,642
1908969,3,17211,336,1,805
1915366,3,17308,336,1,840
1919457,3,20000,368,1,157
1939140,3,17032,336,1,175
1949173,3,17285,336,1,362
1950982,3,17227,336,1,040
1963713,3,20782,368,1,631
1974667,3,17807,336,1,328
1978312,3,17435,336,1,326
1984440,3,19984,368,1,164
1989209,3,17361,336,1,372
1999926,3,17621,336,1,830
2003819,3,17452,336,1,382
2010405,3,20862,368,1,327
2011029,3,20808,368,1,804
2014674,3,20249,368,1,807
2017974,3,17453,336,1,185
2025272,3,16811,336,1,148
2050092,3,17330,336,1,158
2072315,3,17326,336,1,570
2076294,3,19761,368,1,184
2087944,3,18014,336,1,138
2093061,3,17821,336,1,183
2099590,3,17355,336,1,423
2106810,3,21036,368,1,374
2107382,3,17366,336,1,748
2143330,3,17149,336,1,403
2152008,3,17129,336,1,413
2152476,3,20718,368,1,241
2161519,3,20127,368,1,364
2180473,3,20077,368,1,384
2222544,3,17345,336,1,305
2234853,3,20457,368,1,037
2248540,3,17087,336,1,240
2269487,3,16989,336,1,483
2275089,3,17801,336,1,708
2281041,3,17109,336,1,473
2281557,3,21029,368,1,847
2326707,3,20105,368,1,057
2328730,3,17227,336,1,242
2340012,3,17372,336,1,758
2355102,3,17868,336,1,585
2361018,3,20924,368,1,814
2377965,3,17335,336,1,728
2391573,3,20110,368,1,264
2397138,3,17573,336,1,826
2413443,3,20377,368,1,284
2435040,3,17700,336,1,256
2438244,3,20948,368,1,274
2441139,3,17525,336,1,825
2458704,3,20141,368,1,837
2478142,3,17890,336,1,636
2483703,3,20976,368,1,317
2496640,3,17033,336,1,738
2505477,3,17658,336,1,065
2507344,3,17780,336,1,306
2513331,3,20933,368,1,047
2542491,3,20768,368,1,071
2542635,3,17351,336,1,718
2547642,3,20144,368,1,857
2557014,3,17248,336,1,070
2566190,3,17338,336,1,463
2581800,3,17113,336,1,072
2627418,3,17507,336,1,418
2642364,3,19958,368,1,231
2656609,3,17442,336,1,428
2660270,3,17742,336,1,408
2670150,3,20341,368,1,304
2681408,3,17737,336,1,525
2683626,3,16796,336,1,472
2716527,3,17461,336,1,230
2759169,3,20954,368,1,064
2765097,3,21313,368,1,471
2772995,3,17784,336,1,652
2787901,3,17077,336,1,482
2805894,3,17737,336,1,658
2833623,3,21328,368,1,417
2834498,3,17452,336,1,505
2834625,3,17506,336,1,232
2842441,3,19974,368,1,407
2847261,3,17421,336,1,615
2859746,3,17125,336,1,650
2873923,3,17238,336,1,480
2876421,3,17421,336,1,813
2879253,3,20568,368,1,584
2886181,3,19769,368,1,427
2890938,3,17480,336,1,263
2894844,3,17674,336,1,625
2895588,3,17337,336,1,515
2907007,3,17836,336,1,236
2917197,3,20956,368,1,237
2919400,3,17407,336,1,238
2937594,3,17273,336,1,283
2943489,3,20772,368,1,651
2944608,3,17063,336,1,470
2958392,3,19842,368,1,481
2959479,3,17344,336,1,273
2968935,3,20843,368,1,824
2986713,3,17287,336,1,373
3001327,3,17531,336,1,363
3012942,3,17530,336,1,605
3061105,3,17153,336,1,383
3061773,3,17595,336,1,656
3086009,3,17804,336,1,462
3093249,3,16831,336,1,416
3102047,3,17460,336,1,460
3106056,3,20290,368,1,657
3116214,3,17329,336,1,075
3116585,3,19690,368,1,461
3121727,3,17354,336,1,406
3134833,3,18008,336,1,426
3156273,3,17700,336,1,563
3172371,3,17678,336,1,082
3188386,3,17732,336,1,506
3192102,3,17710,336,1,058
3195333,3,17587,336,1,616
3214247,3,17557,336,1,848
3238122,3,20187,368,1,081
3252246,3,17446,336,1,703
3287050,3,17504,336,1,038
3293264,3,17524,336,1,526
3311216,3,17414,336,1,752
3316653,3,20288,368,1,564
3327885,3,17106,336,1,713
3357774,3,21298,368,1,714
3361323,3,17818,336,1,085
3371529,3,20866,368,1,084
3375174,3,17408,336,1,083
3385644,3,17772,336,1,858
3400154,3,17743,336,1,750
3407346,3,16834,336,1,715
3416271,3,17494,336,1,723
3421644,3,20594,368,1,827
3430179,3,17436,336,1,626
3430437,3,17476,336,1,080
3436683,3,19688,368,1,724
3441142,3,17645,336,1,516
3459573,3,20944,368,1,257
3481704,3,19641,368,1,751
3483155,3,17589,336,1,246
3494274,3,17293,336,1,725
3500019,3,17794,336,1,606
3500728,3,16792,336,1,740
3525185,3,17365,336,1,562
3534192,3,21308,368,1,741
3541952,3,17822,336,1,560
3555765,3,20789,368,1,561
3560506,3,17064,336,1,742
3572277,3,17796,336,1,705
3609321,3,17441,336,1,732
3610270,3,17605,336,1,318
3613440,3,20645,368,1,637
3620391,3,19718,368,1,704
3628275,3,17261,336,1,730
3639890,3,17619,336,1,048
3639897,3,19611,368,1,731
3647739,3,20910,368,1,307
3671248,3,17412,336,1,838
3671676,3,17545,336,1,565
21153,4,22386,336,1,6325
78004,4,24072,336,1,2506
109833,4,22306,336,1,8160
131142,4,22190,336,1,7583
159924,4,21959,336,1,7262
201638,4,22199,336,1,1505
247311,4,22567,336,1,2563
272899,4,23986,336,1,3030
319724,4,23605,336,1,7562
343956,4,22546,336,1,0728
390755,4,23913,336,1,6382
413878,4,26175,368,1,3261
447784,4,22198,336,1,0740
493635,4,26001,368,1,1841
513862,4,22787,336,1,2428
549250,4,25856,368,1,3064
574452,4,26552,368,1,3174
603809,4,21986,336,1,8152
640612,4,23261,336,1,0638
675663,4,26272,368,1,7084
696994,4,22169,336,1,4275
723153,4,26484,368,1,6247
752788,4,22363,336,1,4242
783855,4,26457,368,1,2564
806780,4,23293,336,1,5826
839072,4,22577,336,1,0463
874598,4,22920,336,1,3803
910540,4,22336,336,1,6326
932419,4,23362,336,1,3260
955692,4,24330,336,1,6565
982350,4,22869,336,1,6182
995262,4,22289,336,1,7073
1024491,4,23634,336,1,5838
1048435,4,22702,336,1,4265
1080681,4,22701,336,1,1723
1104554,4,22990,336,1,6408
1139244,4,22730,336,1,3658
1163067,4,22391,336,1,7270
1190457,4,24842,368,1,4751
1202929,4,22680,336,1,2480
1235640,4,22123,336,1,6275
1261168,4,23051,336,1,7236
1290516,4,22611,336,1,8285
1312076,4,23670,336,1,5803
1337826,4,23760,336,1,5636
1381759,4,24961,368,1,2427
1405938,4,26005,368,1,1324
1435547,4,22237,336,1,5075
1468225,4,22917,336,1,8328
1493755,4,26334,368,1,3847
1520628,4,22470,336,1,0730
1546091,4,22569,336,1,7406
1578782,4,24738,368,1,3724
1604263,4,22608,336,1,6142
1632678,4,22115,336,1,6472
1656567,4,26373,368,1,8304
1672794,4,22165,336,1,2513
1704097,4,22465,336,1,5818
1736478,4,26101,368,1,1574
1762326,4,22760,336,1,8083
1802821,4,23377,336,1,1836
1826943,4,25558,368,1,2724
1856851,4,23003,336,1,1365
1893210,4,22643,336,1,3246
1926029,4,22935,336,1,6380
1944980,4,22341,336,1,3080
1965894,4,22509,336,1,4052
1994321,4,23231,336,1,3828
2024973,4,25650,368,1,0561
2054660,4,22648,336,1,8406
2081383,4,22204,336,1,1383
2104434,4,22568,336,1,7082
2146892,4,23164,336,1,5036
2177888,4,23396,336,1,8525
2209603,4,23747,336,1,8365
2226423,4,23438,336,1,8260
2243630,4,23245,336,1,3705
2263545,4,25033,368,1,3157
2286752,4,23231,336,1,6503
2332192,4,22452,336,1,3640
2355837,4,23755,336,1,0828
2395829,4,22243,336,1,0570
2409522,4,22513,336,1,7275
2438615,4,22539,336,1,4813
2463325,4,26757,368,1,3817
2486638,4,23504,336,1,8326
2518025,4,22489,336,1,3172
2560836,4,25001,368,1,8184
2586644,4,22630,336,1,4603
2607735,4,22339,336,1,4163
2638704,4,25149,368,1,2831
2654028,4,26726,368,1,2371
2679956,4,25264,368,1,4607
2715575,4,22878,336,1,4718
2734643,4,22881,336,1,4082
2752443,4,22705,336,1,0475
2794530,4,26221,368,1,2307
2820263,4,22982,336,1,6252
2849112,4,22943,336,1,4280
2896000,4,22664,336,1,1403
2925902,4,23618,336,1,8246
2946313,4,23249,336,1,2636
2970660,4,26041,368,1,6257
2999144,4,22780,336,1,3732
3039170,4,22905,336,1,6050
3053820,4,22694,336,1,3832
3082296,4,23587,336,1,4060
3120623,4,22572,336,1,6570
3145768,4,25156,368,1,4261
3169869,4,26129,368,1,7241
3189445,4,22699,336,1,7423
3214677,4,26966,368,1,6374
3238989,4,22742,336,1,7325
3261580,4,25331,368,1,3657
3279771,4,26030,368,1,1517
3316225,4,22632,336,1,8385
3339421,4,22977,336,1,1428
3372023,4,22154,336,1,5162
3420455,4,22504,336,1,2846
3443562,4,23924,336,1,0830
3472220,4,22404,336,1,2463
3490905,4,25737,368,1,2657
3550272,4,23417,336,1,7303
3574920,4,22340,336,1,2416
3594264,4,23134,336,1,3718
3626308,4,25537,368,1,3181
3654909,4,23115,336,1,5615
3669505,4,23632,336,1,5652
5903,5,27385,336,1,82370
24557,5,27710,336,1,28408
52346,5,30698,368,1,05827
74427,5,31037,368,1,27231
99565,5,28637,336,1,30380
124345,5,30040,336,1,48308
156080,5,28851,336,1,62382
181360,5,28134,336,1,05708
205360,5,27268,336,1,85165
234430,5,28171,336,1,37582
257987,5,28695,336,1,24736
286741,5,27732,336,1,30623
317060,5,28184,336,1,70483
343383,5,33284,368,1,28271
371226,5,27845,336,1,16232
392348,5,28013,336,1,37423
416000,5,31563,368,1,56057
442753,5,31129,368,1,58484
467921,5,27487,336,1,15726
496880,5,31966,368,1,07504
523163,5,31229,368,1,56237
551593,5,31933,368,1,50837
577518,5,29079,336,1,65842
605301,5,31508,368,1,28581
631599,5,28189,336,1,62723
658849,5,27845,336,1,23642
690975,5,32579,368,1,71631
723238,5,31084,368,1,42314
756866,5,29931,336,1,47058
784143,5,31349,368,1,23757
813189,5,27996,336,1,70728
842766,5,28556,336,1,73273
870293,5,28461,336,1,50828
903988,5,30738,368,1,32607
931031,5,27891,336,1,75273
962671,5,28616,336,1,13850
995851,5,27937,336,1,57030
1029594,5,28600,336,1,14608
1054863,5,27774,336,1,47515
1088089,5,28831,336,1,48508
1118716,5,28642,336,1,28242
1149078,5,29488,336,1,24138
1178134,5,28654,336,1,40515
1213261,5,31786,368,1,48051
1246130,5,28221,336,1,50408
1272560,5,28180,336,1,24646
1303147,5,28121,336,1,24636
1328692,5,29011,336,1,08426
1357165,5,31130,368,1,15184
1384928,5,31363,368,1,27504
1417143,5,27882,336,1,70416
1448518,5,29678,336,1,70426
1475755,5,31168,368,1,63607
1502373,5,32002,368,1,06371
1530776,5,27275,336,1,47380
1558539,5,28067,336,1,07030
1591141,5,27857,336,1,61740
1619497,5,28245,336,1,70360
1648620,5,28856,336,1,70603
1677433,5,30646,368,1,18384
1702002,5,30813,368,1,63157
1731449,5,28526,336,1,62380
1762614,5,27860,336,1,51472
1794868,5,35503,368,1,40415
1825476,5,27708,336,1,14856
1850835,5,31122,368,1,08571
1877428,5,27672,336,1,73630
1904706,5,27264,336,1,36283
1938890,5,27988,336,1,70460
1967251,5,27521,336,1,58136
2000151,5,28444,336,1,32563
2031149,5,28636,336,1,61380
2061297,5,27406,336,1,60730
2089400,5,27970,336,1,84613
2121249,5,31656,368,1,81817
2151513,5,32229,368,1,62851
2174968,5,30395,368,1,48424
2214685,5,28250,336,1,03260
2244799,5,29740,368,1,57184
2275972,5,30733,368,1,38137
2303166,5,29036,336,1,03808
2332582,5,27766,336,1,18316
2359594,5,28038,336,1,70308
2385170,5,32101,368,1,74081
2417550,5,31238,368,1,82857
2447426,5,30179,336,1,25758
2477002,5,29165,336,1,13265
2507004,5,28251,336,1,65813
2534397,5,32172,368,1,18074
2560623,5,31310,368,1,17064
2589711,5,32923,368,1,17237
2620365,5,28874,336,1,81805
2648889,5,31970,368,1,56574
2676673,5,28564,336,1,60508
2710125,5,27832,336,1,58515
2737911,5,30242,368,1,83757
2766079,5,31305,368,1,30304
2792709,5,31958,368,1,26164
2820017,5,28356,336,1,03750
2850742,5,29373,336,1,26318
2878883,5,29073,336,1,46563
2906665,5,32104,368,1,37381
2935167,5,28358,336,1,52580
2967932,5,28267,336,1,62846
3000416,5,28215,336,1,75825
3029557,5,27397,336,1,31623
3061071,5,27255,336,1,57375
3091348,5,29302,336,1,26328
3119979,5,31219,368,1,81831
3147826,5,32332,368,1,83647
3172370,5,30410,368,1,30724
3207633,5,28694,336,1,62605
3235890,5,30596,368,1,81857
3265001,5,27803,336,1,27406
3297214,5,28330,336,1,27138
3326305,5,29943,368,1,48507
3352701,5,32035,368,1,26071
3384325,5,28277,336,1,46306
3409788,5,28810,336,1,41636
3438181,5,27927,336,1,71403
3467619,5,32397,368,1,08304
3499632,5,29021,336,1,56513
3527012,5,35633,368,1,48473
3558071,5,28053,336,1,08250
3584923,5,28477,336,1,41362
3615618,5,28003,336,1,05840
3643320,5,28216,336,1,63626
3672820,5,28883,336,1,06516
50,6,40011,368,1,151424
35354,6,32942,336,1,464832
66807,6,38024,368,1,251571
100792,6,33123,336,1,318483
130041,6,36902,368,1,830751
157937,6,37209,368,1,574807
188142,6,34709,336,1,060703
219630,6,35227,336,1,323705
250605,6,33733,336,1,160616
280511,6,34990,336,1,146256
311254,6,33259,336,1,042613
341171,6,34930,336,1,175246
371800,6,34895,336,1,175060
406327,6,35228,336,1,265032
434727,6,35600,336,1,740562
466746,6,36791,368,1,136561
498582,6,33421,336,1,527180
529560,6,34215,336,1,728182
558312,6,33608,336,1,130526
591978,6,33565,336,1,723273
620742,6,35859,368,1,584257
648880,6,36897,368,1,405151
676805,6,34630,336,1,273825
706708,6,32573,336,1,716362
734208,6,33893,336,1,324840
762241,6,32796,336,1,365150
789846,6,34392,336,1,484823
816981,6,33277,336,1,465038
844780,6,33313,336,1,807480
874508,6,34187,336,1,137360
902049,6,33287,336,1,157570
929201,6,36573,368,1,048161
958239,6,36204,368,1,808137
985488,6,33276,336,1,818305
1012881,6,33791,336,1,137370
1042245,6,33465,336,1,132563
1074350,6,36373,368,1,052617
1101665,6,37202,368,1,618527
1127071,6,34819,336,1,741830
1155856,6,34432,336,1,856182
1183709,6,38139,368,1,252417
1211405,6,33200,336,1,140650
1239527,6,33158,336,1,613182
1267789,6,33086,336,1,061423
1297124,6,36778,368,1,327524
1328455,6,37900,368,1,417251
1354420,6,33148,336,1,165185
1383449,6,33994,336,1,850525
1411519,6,33009,336,1,046182
1438898,6,36143,336,1,165050
1467750,6,36304,368,1,230317
1497139,6,36560,336,1,642372
1527860,6,38176,368,1,582714
1554992,6,32881,336,1,657140
1583896,6,37944,368,1,131324
1611640,6,32595,336,1,463706
1640433,6,32491,336,1,137072
1669860,6,33544,336,1,574616
1700677,6,34457,336,1,371503
1730959,6,36525,368,1,736057
1756899,6,34646,336,1,238582
1787430,6,34229,336,1,032372
1815578,6,33843,336,1,651562
1843663,6,33686,336,1,856185
1872492,6,35032,336,1,056382
1901700,6,35488,368,1,251473
1929228,6,37167,368,1,371617
1958465,6,35640,336,1,806463
1986084,6,33783,336,1,617056
2013257,6,35353,336,1,585813
2042004,6,36143,368,1,175647
2070136,6,33514,336,1,413703
2099940,6,37379,368,1,404241
2127585,6,34280,336,1,327516
2155972,6,35934,368,1,638164
2184257,6,36674,368,1,257581
2211517,6,37578,368,1,424037
2240965,6,35197,336,1,408063
2269315,6,34139,336,1,626138
2296497,6,33248,336,1,257318
2325985,6,34035,336,1,182838
2354781,6,35762,368,1,856384
2381830,6,34463,336,1,365826
2413156,6,34750,336,1,265748
2441622,6,36558,368,1,325727
2469730,6,33189,336,1,360423
2497771,6,33170,336,1,461723
2526501,6,35862,368,1,813131
2554859,6,33854,336,1,080528
2583731,6,33377,336,1,613825
2613088,6,33401,336,1,615146
2643123,6,33939,336,1,648380
2670736,6,32667,336,1,636150
2699990,6,34815,336,1,748572
2728199,6,32524,336,1,163038
2758308,6,33586,336,1,248480
2787335,6,33187,336,1,825052
2814695,6,33415,336,1,427062
2843119,6,32992,336,1,264823
2872821,6,34056,336,1,646326
2902863,6,33736,336,1,315623
2930850,6,37580,368,1,526274
2958077,6,34432,336,1,850403
2985602,6,37343,368,1,413284
3014030,6,33250,336,1,852363
3042494,6,33201,336,1,824716
3071553,6,33367,336,1,374848
3099408,6,35413,336,1,585256
3128738,6,36187,368,1,232384
3157880,6,37794,368,1,038241
3186153,6,35493,336,1,257232
3214526,6,36456,368,1,185057
3243220,6,36126,368,1,081404
3271807,6,33186,336,1,042742
3302394,6,34293,336,1,705232
3331362,6,38025,368,1,727081
3361728,6,33045,336,1,130572
3389472,6,34556,336,1,706275
3416448,6,36778,368,1,361381
3446271,6,33376,336,1,364165
3473883,6,37323,368,1,250824
3501182,6,34198,336,1,183238
3531538,6,33987,336,1,181318
3558966,6,34621,336,1,758370
3588228,6,37138,368,1,606151
3616349,6,37560,368,1,405807
3645343,6,34323,336,1,165156
3673900,6,34377,336,1,506515
34,7,42400,368,1,3647373
28307,7,38985,336,1,4738073
55859,7,39654,336,1,8032740
84087,7,37950,336,1,3263048
113406,7,38723,336,1,0727315
142341,7,39648,336,1,4716585
170030,7,39483,336,1,7163708
198580,7,39390,336,1,3084185
225748,7,39115,336,1,7050813
254116,7,39611,336,1,4157525
283181,7,38115,336,1,8252465
312147,7,40788,336,1,0748563
340934,7,43843,368,1,8370584
368798,7,36964,336,1,5046472
396320,7,42023,368,1,5748257
425121,7,42761,368,1,7524257
453921,7,42875,368,1,8162571
481680,7,39576,336,1,7572525
510631,7,38551,336,1,4605648
540329,7,38851,336,1,6246526
570650,7,42310,368,1,1817484
598206,7,40564,368,1,1304751
627241,7,41701,368,1,7273081
655729,7,40428,368,1,1638407
684096,7,39390,336,1,1832316
713218,7,42844,368,1,1657507
742358,7,38754,336,1,4070756
771470,7,38792,336,1,4270756
800540,7,43286,368,1,7524737
829240,7,38918,336,1,6282365
858505,7,39278,336,1,0506508
888840,7,39360,336,1,1616032
917989,7,39150,336,1,8574852
946324,7,43840,368,1,3183847
975259,7,44102,368,1,3173614
1004581,7,38707,336,1,7408083
1033889,7,38694,336,1,1647136
1064042,7,39807,336,1,5756258
1092751,7,40483,336,1,7423056
1121793,7,41016,336,1,5165705
1151363,7,38132,336,1,0485163
1180439,7,39062,336,1,3048040
1209875,7,38082,336,1,4064172
1239240,7,42251,368,1,6058327
1268336,7,42912,368,1,2805804
1297466,7,39651,336,1,7560472
1326932,7,41673,368,1,4627374
1354287,7,41893,368,1,7461614
1384385,7,44206,368,1,5051561
1412406,7,41454,368,1,8083131
1441715,7,38268,336,1,0323083
1470627,7,39276,336,1,7085640
1498353,7,41839,368,1,2726081
1528021,7,41760,368,1,3738307
1557151,7,38686,336,1,5042752
1586616,7,44138,368,1,7326064
1615665,7,40397,336,1,6465642
1644525,7,38410,336,1,7381318
1672781,7,39249,336,1,5657165
1702009,7,42159,368,1,2384807
1731882,7,38028,336,1,4257265
1761331,7,41902,368,1,0624031
1789493,7,42306,368,1,7382317
1818543,7,39612,336,1,0632475
1846726,7,38611,336,1,3708046
1874998,7,43635,368,1,1506247
1904462,7,39761,336,1,3251570
1933395,7,43765,368,1,2816251
1962370,7,39778,336,1,4832703
1991146,7,39271,336,1,8405082
2020312,7,39460,336,1,3032373
2049796,7,42303,368,1,0423727
2078369,7,39649,336,1,7074252
2108333,7,43021,368,1,3247257
2137654,7,38203,336,1,1375150
2167314,7,37945,336,1,3248315
2196590,7,42946,368,1,8151527
2224379,7,43848,368,1,0562617
2253756,7,38202,336,1,0575030
2283473,7,40252,336,1,2365842
2312730,7,39673,336,1,5637256
2341003,7,41970,368,1,8323805
2370551,7,42334,368,1,7485131
2398801,7,42155,368,1,7037264
2427584,7,40023,368,1,4136181
2457078,7,41621,368,1,7051724
2485898,7,39274,336,1,6425160
2514925,7,42466,368,1,7523181
2544488,7,39917,336,1,0381380
2574846,7,42979,368,1,0618257
2603514,7,41145,368,1,6037181
2630840,7,37970,336,1,6505175
2659862,7,38310,336,1,5627515
2688951,7,38540,336,1,0716185
2717758,7,38034,336,1,5708032
2748133,7,37836,336,1,3615240
2776670,7,39214,336,1,3038415
2805764,7,41205,368,1,7465757
2834463,7,39155,336,1,3175808
2863277,7,41590,336,1,6383646
2892191,7,38101,336,1,5284170
2921547,7,40297,336,1,3060526
2950037,7,40306,336,1,4846572
2978358,7,41720,368,1,1825751
3007340,7,39906,336,1,5250828
3036563,7,40736,368,1,1750731
3064750,7,37982,336,1,5731405
3094230,7,38611,336,1,2628303
3124473,7,39362,336,1,2523272
3152935,7,37472,336,1,1306075
3181798,7,38592,336,1,3183240
3211605,7,39873,336,1,0528275
3240837,7,39862,336,1,5057326
3269686,7,38763,336,1,3642375
3297953,7,44829,368,1,4632727
3328090,7,40527,336,1,8083285
3356261,7,39783,336,1,8185705
3385556,7,39880,336,1,3136246
3415108,7,43281,368,1,0838371
3444032,7,38662,336,1,6150365
3472512,7,39567,336,1,4031758
3500992,7,37949,336,1,4851583
3530425,7,39328,336,1,0741582
3559918,7,39640,336,1,2314083
3588906,7,39338,336,1,3708270
3617229,7,38921,336,1,0407280
3646377,7,38277,336,1,0481806
3674152,7,39640,336,1,5132646
4,8,50303,368,1,08240725
28953,8,46436,368,1,75803181
58876,8,45894,336,1,62730305
87442,8,44645,336,1,03280305
116902,8,44788,336,1,62583742
147456,8,46128,336,1,26570583
176797,8,44278,336,1,73813815
204863,8,49076,368,1,64658031
234431,8,44681,336,1,74157528
262894,8,47519,368,1,65652631
293822,8,57170,368,1,26562514
323037,8,47064,336,1,50475032
351930,8,47424,368,1,30513131
380934,8,46021,336,1,50742603
409752,8,45855,336,1,05850562
438626,8,43299,336,1,52714272
467433,8,44293,336,1,15651375
496251,8,47344,368,1,17236161
525325,8,46472,368,1,38524731
554596,8,44354,336,1,36037315
583443,8,45227,336,1,73042472
612081,8,43829,336,1,46280742
641339,8,45256,336,1,30836465
670085,8,44872,336,1,42626285
698780,8,46918,368,1,04284627
727590,8,47364,368,1,80617084
756717,8,45193,336,1,61618132
785807,8,44349,336,1,64626408
814341,8,44280,336,1,14848513
843117,8,47499,368,1,61627051
872398,8,48551,368,1,81832657
901796,8,44140,336,1,64050828
930163,8,48728,368,1,80742574
958920,8,46009,336,1,48323140
987553,8,44305,336,1,58272708
1016476,8,45743,336,1,64282462
1045083,8,45509,336,1,30840380
1074383,8,43754,336,1,03240848
1103209,8,44535,336,1,72736232
1131971,8,49256,368,1,38162714
1161103,8,44238,336,1,60750572
1189461,8,47921,368,1,60828417
1218264,8,47445,368,1,05175627
1247148,8,46454,336,1,81463236
1276253,8,43554,336,1,65705715
1305210,8,43535,336,1,38074136
1333841,8,43859,336,1,47282483
1362457,8,44131,336,1,31314805
1391649,8,47860,368,1,72856151
1419872,8,43232,336,1,72740380
1449021,8,49664,368,1,23251631
1478012,8,45318,336,1,72716572
1507158,8,45072,336,1,62513138
1535910,8,44986,336,1,37307380
1565017,8,46257,336,1,81470642
1593281,8,43608,336,1,63230480
1622063,8,50434,368,1,75040571
1651182,8,44237,336,1,73048315
1680302,8,44276,336,1,24830803
1709355,8,45246,336,1,83040518
1737083,8,47542,368,1,58031514
1765809,8,47125,368,1,18572407
1795047,8,46120,336,1,60565628
1824687,8,45453,336,1,32561806
1853033,8,44388,336,1,48425840
1883020,8,46276,336,1,16182326
1912025,8,46484,368,1,25264131
1941177,8,45666,336,1,15273850
1969858,8,44161,336,1,14730725
1998584,8,46839,336,1,61651560
2027461,8,48175,368,1,41603231
2056133,8,47701,368,1,28064624
2085389,8,44099,336,1,38050740
2114307,8,44530,336,1,25804040
2142925,8,45876,336,1,62483246
2171911,8,47761,368,1,27564841
2200784,8,45703,336,1,27236160
2229399,8,47318,336,1,64728416
2258136,8,45471,336,1,62375138
2287669,8,45735,336,1,73136426
2315975,8,48007,368,1,48173824
2345423,8,45014,336,1,84642703
2373671,8,44399,336,1,23817460
2402228,8,44871,336,1,82650723
2431413,8,46790,368,1,83056265
2460553,8,45022,336,1,56180648
2489433,8,45647,336,1,70658080
2518660,8,44358,336,1,25152572
2547158,8,44714,336,1,74648375
2576064,8,43900,336,1,16174282
2604661,8,47459,368,1,72318484
2633464,8,49004,368,1,25703274
2662145,8,46613,336,1,30480626
2690909,8,48495,336,1,27324625
2719975,8,45516,336,1,81507508
2748791,8,45318,336,1,81804726
2777744,8,48591,368,1,81804617
2806170,8,44847,336,1,82575752
2835114,8,44345,336,1,60846162
2864673,8,48657,368,1,58313751
2893546,8,47195,336,1,60524238
2922013,8,44314,336,1,36326260
2951215,8,44397,336,1,64750758
2980249,8,46712,368,1,57037037
3010189,8,46251,336,1,56460403
3039084,8,44703,336,1,08080323
3067566,8,46784,336,1,64284036
3096125,8,45409,336,1,61827048
3125144,8,46401,368,1,62560707
3153846,8,47147,368,1,42304857
3182406,8,44601,336,1,83271323
3210784,8,45530,336,1,40803263
3239425,8,45016,336,1,31314603
3268090,8,45008,336,1,23836513
3297242,8,45714,336,1,62361632
3326250,8,46053,336,1,61824165
3354920,8,44185,336,1,83152572
3384517,8,46184,368,1,46428461
3413396,8,47062,336,1,25162813
3442396,8,46042,336,1,51325038
3471158,8,49175,368,1,82751324
3500129,8,44484,336,1,48475806
3529405,8,48626,368,1,71375631
3558655,8,47691,368,1,38148314
3587327,8,43309,336,1,18307406
3616741,8,48437,368,1,70483257
3645691,8,44723,336,1,62371525
3674154,8,45750,336,1,36058048
12,9,54350,368,1,151375260
29555,9,48898,336,1,282382473
58840,9,56852,368,1,503657264
88145,9,49897,336,1,180825048
117347,9,51176,336,1,841505160
146400,9,50419,336,1,426161850
175410,9,52033,368,1,563818161
204617,9,50748,336,1,816504625
233544,9,49717,336,1,308403182
262829,9,53045,368,1,830724071
292018,9,52099,368,1,818071427
321230,9,49365,336,1,506426263
350110,9,54116,368,1,052641857
379308,9,50396,336,1,370846508
408566,9,50978,336,1,816472618
437510,9,49388,336,1,265706185
466672,9,47843,336,1,573262742
495536,9,52475,368,1,570408261
524556,9,48470,336,1,516284030
553908,9,51785,368,1,405813627
582813,9,49105,336,1,642614656
611908,9,49708,336,1,070483056
640593,9,50337,336,1,505236272
669494,9,50299,336,1,074626408
698407,9,50582,336,1,515280705
727415,9,49813,336,1,037150383
756423,9,51927,336,1,651705803
785276,9,53606,368,1,238137237
814348,9,54235,368,1,361403251
843155,9,53325,368,1,080425261
871762,9,50558,336,1,580318260
900785,9,50043,336,1,603840506
929786,9,51424,336,1,142313265
958737,9,49311,336,1,827585165
987667,9,55343,368,1,151580417
1016368,9,50172,336,1,628325840
1045174,9,51338,336,1,032656285
1073932,9,48874,336,1,656262840
1102953,9,49766,336,1,281808130
1132069,9,48212,336,1,857575272
1161232,9,50815,336,1,428136370
1190148,9,49741,336,1,058251306
1218974,9,49539,336,1,848137313
1248127,9,49277,336,1,085132370
1276889,9,49834,336,1,838232705
1305673,9,49612,336,1,516323063
1334676,9,51790,368,1,156318181
1363757,9,48592,336,1,080473615
1392524,9,51936,368,1,260372424
1421723,9,53331,368,1,182462417
1450386,9,50962,336,1,365050582
1479152,9,54394,368,1,428083174
1508115,9,52550,368,1,837425081
1537002,9,51306,336,1,237361526
1565844,9,52522,336,1,716383236
1594617,9,53864,368,1,080484851
1623546,9,50640,336,1,037570562
1652181,9,50050,336,1,417584813
1681043,9,51614,336,1,848315732
1710130,9,52339,336,1,242364258
1739314,9,51604,368,1,856507057
1768193,9,51318,336,1,242327236
1797170,9,49165,336,1,150723738
1825939,9,49447,336,1,071815848
1855038,9,50167,336,1,418273813
1884136,9,49961,336,1,728157525
1912815,9,54298,368,1,383815247
1941675,9,49436,336,1,142740805
1970551,9,49607,336,1,372583180
1999443,9,50966,336,1,315832606
2028047,9,48025,336,1,707524150
2056913,9,51043,336,1,840563738
2085436,9,48522,336,1,575618180
2114247,9,51496,336,1,752737323
2143427,9,50960,336,1,373183648
2172276,9,52404,336,1,304832608
2201522,9,53118,368,1,646150727
2230545,9,50409,336,1,383656050
2259229,9,50640,336,1,585756242
2288187,9,51887,336,1,264246060
2317247,9,51098,336,1,048373856
2346106,9,50552,336,1,426326158
2375110,9,51591,336,1,516562306
2404232,9,51213,336,1,318161562
2432822,9,51003,336,1,848072705
2461507,9,50971,336,1,831318460
2490467,9,50215,336,1,814736473
2519311,9,52040,336,1,751485073
2548382,9,49790,336,1,805157365
2577159,9,53201,368,1,325162807
2605930,9,53063,368,1,481615061
2635120,9,53895,368,1,362573814
2663741,9,53433,368,1,756156284
2692564,9,54177,368,1,574650571
2721158,9,55382,368,1,180304824
2750511,9,47863,336,1,514073742
2779502,9,52180,336,1,461504618
2808354,9,52647,368,1,636563151
2837231,9,50461,336,1,850838303
2866200,9,51628,336,1,182730313
2895245,9,51283,336,1,756423738
2924144,9,50119,336,1,828405803
2952811,9,49909,336,1,137380736
2981747,9,48818,336,1,041560483
3010626,9,52455,368,1,526272371
3039545,9,52988,368,1,428073847
3068396,9,50246,336,1,604132650
3097259,9,52679,336,1,283608070
3125731,9,50552,336,1,463172426
3154504,9,49572,336,1,841370362
3183240,9,50462,336,1,462564160
3212325,9,53945,368,1,561706561
3241113,9,50034,336,1,403246073
3270364,9,49624,336,1,562470582
3299118,9,54357,368,1,485615814
3327881,9,50349,336,1,031830326
3356841,9,49637,336,1,365703708
3385843,9,51554,336,1,256517306
3414623,9,50217,336,1,608380715
3443529,9,54127,368,1,051832647
3472376,9,55047,368,1,632381847
3501013,9,55079,368,1,280408364
3529960,9,52641,368,1,051526461
3559109,9,52977,368,1,580472624
3587798,9,54551,368,1,816504831
3616377,9,49741,336,1,175608180
3645180,9,54798,336,1,856518080
3674158,9,48221,336,1,524728173
1,10,67622,368,1,0423757327
26889,10,57553,368,1,3056582504
53735,10,55972,336,1,2605716563
82608,10,56335,336,1,5637238328
109639,10,55751,336,1,0851372848
137188,10,58961,368,1,3728164271
165231,10,57091,336,1,5281463232
193675,10,56717,336,1,5840513263
222793,10,57044,336,1,7082427252
251937,10,55491,336,1,8304182613
277671,10,55358,336,1,4807073140
304378,10,58533,336,1,1808326313
333742,10,57385,368,1,2704075261
362320,10,55730,336,1,8163756156
390662,10,56506,336,1,8063856505
419793,10,59420,368,1,6383728131
448460,10,57345,336,1,1428061506
477242,10,60058,368,1,2630470317
505863,10,58200,368,1,5652642707
534051,10,54912,336,1,1857385640
561241,10,59582,368,1,0707056181
589784,10,58918,368,1,1307075737
619083,10,57444,336,1,6565752325
648329,10,58051,368,1,3806508257
677843,10,56940,336,1,1365165056
706310,10,56129,336,1,0427140618
736178,10,54222,336,1,2757513728
764413,10,59134,368,1,0637260564
794025,10,60370,368,1,2318585614
822974,10,54045,336,1,8084651583
851989,10,55595,336,1,2623618416
880739,10,57451,368,1,2723236041
908739,10,61098,368,1,2505738517
938416,10,56730,368,1,2381480707
968101,10,56840,336,1,4283827280
997547,10,60028,368,1,7085048517
1026759,10,57075,336,1,4628048462
1056396,10,56496,336,1,6238072605
1084849,10,58792,336,1,1528326460
1113645,10,54015,336,1,7270483146
1142028,10,57777,368,1,0465158484
1169494,10,54590,336,1,4132383283
1199839,10,57568,368,1,5708273627
1227823,10,58879,368,1,4728081327
1256545,10,53399,336,1,6470506246
1286058,10,56414,336,1,7072573265
1315756,10,54929,336,1,3070752616
1345246,10,59673,368,1,6132836317
1373645,10,56993,336,1,0505170830
1402719,10,60476,368,1,6307506051
1432596,10,56288,336,1,7513757032
1461583,10,55609,336,1,6258065615
1491016,10,60055,368,1,5282642831
1518901,10,54696,336,1,8084604805
1548451,10,56027,336,1,7480826583
1578297,10,55614,336,1,1482408465
1608362,10,55899,336,1,5842606562
1638018,10,60962,368,1,5265627071
1666641,10,58926,368,1,3274050307
1694932,10,56872,336,1,2836262652
1723501,10,56626,336,1,3726162426
1753118,10,57148,368,1,0516050704
1782494,10,54861,336,1,6380407275
1810327,10,57333,336,1,1408051318
1840132,10,57165,336,1,1605623183
1869029,10,54745,336,1,4615627082
1896295,10,55309,336,1,0646083818
1925436,10,57966,368,1,2408484807
1955086,10,54778,336,1,6240642848
1984679,10,57354,336,1,8361840513
2014028,10,56493,336,1,5805650426
2043010,10,58243,336,1,8424238328
2072990,10,59206,368,1,6483858274
2102895,10,56125,336,1,2571328085
2130647,10,56297,336,1,5273231470
2159259,10,58135,336,1,6314056503
2188684,10,56485,336,1,5742805056
2217421,10,61432,368,1,8085658504
2246771,10,59409,368,1,1323185284
2275369,10,60744,368,1,5651503647
2303946,10,60033,368,1,5623183071
2332661,10,55359,336,1,3656527232
2361827,10,54871,336,1,0504165230
2391292,10,57131,336,1,1724083615
2420662,10,58883,368,1,5731326407
2449951,10,60135,368,1,8050485824
2479219,10,57765,336,1,1361808042
2507837,10,60259,368,1,2858475031
2537270,10,57355,368,1,8573807527
2565149,10,58168,368,1,8085072427
2594934,10,55275,336,1,4803626426
2624555,10,57556,336,1,2730750515
2654420,10,57884,368,1,5257031527
2683660,10,58713,368,1,1581462707
2713005,10,58956,368,1,1726146264
2742259,10,59213,368,1,6326048281
2769630,10,56808,336,1,5652851628
2799658,10,56050,336,1,2716370416
2829720,10,56064,336,1,3031658383
2857951,10,57872,336,1,0575060708
2885606,10,54427,336,1,0413162465
2914600,10,58718,368,1,7182732657
2944756,10,58139,336,1,4805806508
2974062,10,56097,336,1,6147561526
3002091,10,57442,336,1,8465075136
3030738,10,54862,336,1,4047262470
3060260,10,59426,368,1,0657070731
3089578,10,57599,368,1,6364152427
3119351,10,55128,336,1,8418381726
3149416,10,55557,336,1,0704807515
3179711,10,56697,336,1,0408324716
3208074,10,59475,368,1,0581852847
3237605,10,56044,336,1,8075642823
3266862,10,54890,336,1,4658480485
3295956,10,55271,336,1,0752460370
3324789,10,59463,368,1,2575632741
3354294,10,57041,336,1,8525616270
3381771,10,54855,336,1,6513858318
3411235,10,54497,336,1,5250513840
3440133,10,56880,336,1,5716526462
3469822,10,56520,336,1,6585041326
3499689,10,56487,336,1,5084136525
3528212,10,53940,336,1,0725173605
3556095,10,58597,336,1,5180313036
3585803,10,56151,336,1,5618317285
3615142,10,54107,336,1,6323057573
3644216,10,56697,336,1,7050483616
3674159,10,58880,336,1,8161857038
